URL,Category,Title
westend1.jpg,WEST END BREWERY,West End Full Mural
westend2.jpg,WEST END BREWERY,West End Portrait Artist Shot
aldinga1.jpg,ALDINGA LIBRARY,Full Mural
alimentary1.jpg,ALIMENTARY EATERY,FIREPLACE Apron Artist
adelaidevet1.jpg,ADELAIDE VET,Great MYRKA Shot 2
districtB1.jpg,CHRISTIES BEACH,Full Mural
figandvine1.jpg,FIG AND VINE,Fig and Vine Full Mural
amsterdamn1.jpg,CLINKNOORD AMSTERDAM,Amsterdamn Artist
saigon1.jpg,SAIGON OI VIETNAMESE,Artist shot
waves1.jpg,WAVES SWIM SCHOOL,Looking Outside
fairespresso1.jpg,FAIR ESPRESSO CENTRAL MARKETS,Full Mural
mollys1.jpg,MOLLY's,Feature Wall
ttp1.jpg,TEA TREE PLAZA INTERCHANGE,Main Walkway
missviet1.jpg,MISS VIET'S KITCHEN,Function Room Upstairs
amsterdamn2.jpg,CLINKNOORD AMSTERDAM,Amsterdamn No Artist Decent
stfrancis1.jpg,ST FRANCIS DE SALES COLLEGE,Design Detail Great
bbhp1.jpg,BRIGHTON BEACHFRONT HOLIDAY PARK,Full Mural BBQ
cbc1.jpg,CHRISTIAN BROTHERS COLLEGE,Library Entrance
alimentary2.jpg,ALIMENTARY EATERY,Full Best
crooked1.jpg,CROOKED CUTTING STUDIO,Tentacle Monster
adelaide1.jpg,ADELAIDE SKYLINE,Mural
tictoc1.jpg,TIC TOC HOME LOANS,Full Mural
jrb1.jpg,JETTY ROAD BRIGHTON,Community Chest Mural
seacliff1.jpg,SEACLIFF PARK PRIMARY,BOTH FULL
cbc2.jpg,CHRISTIAN BROTHERS COLLEGE,Dining Court Ceiling
totems1.jpg,GLENALTA TRAIN STATION,Glenalta Powerboxes
rajhouse1.jpg,54 HYDE ST ADELAIDE,Raj House Mural complete
rajhouse2.jpg,54 HYDE ST ADELAIDE,Raj house side view
rajhouse3.jpg,54 HYDE ST ADELAIDE,Reef Mural at Raj Start Action
rajhouse4.jpg,54 HYDE ST ADELAIDE,Awesome Reef Closeup Action
adelida1.jpg,LA ADELITA MEXICAN CANTINA,Elizabeth Shopping Centre Worksite
clinklondon1.jpg,CLINK261 LONDON,Full Mural with Artist
hideandseek1.jpg,HIDE AND SEEK SALON,Detail
rajhouse5.jpg,54 HYDE ST ADELAIDE,Raj Details
showgrounds1.jpg,ADELAIDE SHOWGROUNDS STATION,Full Mural
showgrounds2.jpg,ADELAIDE SHOWGROUNDS STATION,Detail
showgrounds3.jpg,ADELAIDE SHOWGROUNDS STATION,Monster Artist Shot
 bollards1.jpg,CITY OF HOLDFAST BAY,Planter Bollards Depot
ladybug1.jpg,PRIVATE HOME,LADYBUG
adelaidevet2.jpg,ADELAIDE VET,Great MYRKA Shot 1
adelaidevet3.jpg,ADELAIDE VET,MYRKA Blank Room
adelaidevet4.jpg,ADELAIDE VET,MYRKA room
aldinga2.jpg,ALDINGA LIBRARY,Close Up With Artist portrait
aldinga3.jpg,ALDINGA LIBRARY,Detail
aldinga4.jpg,ALDINGA LIBRARY,Detail with Twins
alimentary3.jpg,ALIMENTARY EATERY,Kitchen Door Smudges
alimentary4.jpg,ALIMENTARY EATERY,Fireplace 2
onka1.jpg,BASE10 YOUTH CENTRE,Colouring Mural Artist
onka2.jpg,BASE10 YOUTH CENTRE,Colouring Mural Kids
onka3.jpg,BASE10 YOUTH CENTRE,Colouring Mural Artist sitting from outside in
elephant1.jpg,SMOOTHIE ELEPHANT,Full Mural
bbhp2.jpg,BRIGHTON BEACHFRONT HOLIDAY PARK,Seacliff Caravan Park Holiday Beach
bbhp3.jpg,BRIGHTON BEACHFRONT HOLIDAY PARK,Detail 1
bbhp4.jpg,BRIGHTON BEACHFRONT HOLIDAY PARK,Detail 2
bbhp5.jpg,BRIGHTON BEACHFRONT HOLIDAY PARK,Detail 3
bbhp6.jpg,BRIGHTON BEACHFRONT HOLIDAY PARK,Barbecue Action Shot
bakery1.jpg,BRIGHTON JETTY BAKERY,Good Mural Half Shot
bakery2.jpg,BRIGHTON JETTY BAKERY,Good Main Jetty Half
bakery3.jpg,BRIGHTON JETTY BAKERY,RV Detail
bakery4.jpg,BRIGHTON JETTY BAKERY,Logo
bakery5.jpg,BRIGHTON JETTY BAKERY,Alien Detail
bakery6.jpg,BRIGHTON JETTY BAKERY,UFO Detail
bakery7.jpg,BRIGHTON JETTY BAKERY,Gingerbread House
alimentary5.jpg,ALIMENTARY EATERY,One Half Great
alimentary6.jpg,ALIMENTARY EATERY,Another Half Great
koi1.jpg,CENTRAL MARKET ARCADE,KOI MURAL ALTERED WITH AI SCALE UP GREAT
koi2.jpg,CENTRAL MARKET ARCADE,Koi Artist Action
koi3.jpg,CENTRAL MARKET ARCADE,Koi Artist Smile
koi4.jpg,CENTRAL MARKET ARCADE,Koi Artist 3
koi5.jpg,CENTRAL MARKET ARCADE,Koi Detail
koi6.jpg,CENTRAL MARKET ARCADE,Koi Nan Artist
flamingo1.jpg,CENTRAL MARKET ARCADE,Flamingo Artist Shot REMOVE SANDRA MASON WATERMARK
flamingo2.jpg,CENTRAL MARKET ARCADE,FLamingo Full Glarey
flamingo3.jpg,CENTRAL MARKET ARCADE,Flamingo JAILHOUSE ORGANGE ARTIST
paradise1.jpg,CENTRAL MARKET ARCADE,Imagination Vote Yes Marriage Equality
paradise2.jpg,CENTRAL MARKET ARCADE,PURE IMAGINATION Full mural
chameleon1.jpg,CHAMELEON,Full Mural
cbc3.jpg,CHRISTIAN BROTHERS COLLEGE,Dolphins Mural
cbc4.jpg,CHRISTIAN BROTHERS COLLEGE,Dolphin Detail
cbc5.jpg,CHRISTIAN BROTHERS COLLEGE,CBC Childcare Wall 1
cbc6.jpg,CHRISTIAN BROTHERS COLLEGE,CBC Childcare Wall 2
cbc7.jpg,CHRISTIAN BROTHERS COLLEGE,Corridor
cbc8.jpg,CHRISTIAN BROTHERS COLLEGE,Corridor 2
cbc9.jpg,CHRISTIAN BROTHERS COLLEGE,Elevator Aritst
cbc10.jpg,CHRISTIAN BROTHERS COLLEGE,Elevator Action Shot
cbc11.jpg,CHRISTIAN BROTHERS COLLEGE,Edmund Rice
cbc12.jpg,CHRISTIAN BROTHERS COLLEGE,Science Entrance
districtB2.jpg,CHRISTIES BEACH,Detail
districtB3.jpg,CHRISTIES BEACH,Detail varnish
bollards2.jpg,CITY OF HOLDFAST BAY,Planter Bollards Jetty Road
bollards3.jpg,CITY OF HOLDFAST BAY,Bollards Jellybean
bollards4.jpg,CITY OF HOLDFAST BAY,Bollards Beach House
clinklondon2.jpg,CLINK261 LONDON,Close Up Artist Action
clinklondon3.jpg,CLINK261 LONDON,Detail
clinklondon4.jpg,CLINK261 LONDON,Detail 2
clinklondon5.jpg,CLINK261 LONDON,Hallway
clinklondon6.jpg,CLINK261 LONDON,When In Doubt Travel Stairs
clinklondon7.jpg,CLINK261 LONDON,Staircase Detail
clinklondon8.jpg,CLINK261 LONDON,Staircase Detail 2
clinklondon9.jpg,CLINK78 LONDON,Black Wings
clinknoord1.jpg,CLINKNOORD AMSTERDAM,SCHIZO Room 210
clinknoord2.jpg,CLINKNOORD AMSTERDAM,SCHIZO ROOM View
clinknoord3.jpg,CLINKNOORD AMSTERDAM,Twin Flames Koi Mural
clinknoord4.jpg,CLINKNOORD AMSTERDAM,ALLES LEKKER ROOM (missing main)
clinknoord5.jpg,CLINKNOORD AMSTERDAM,Room 227 HOT EMBERS
clinknoord6.jpg,CLINKNOORD AMSTERDAM,Room 227 HOT EMBERS 2
clinknoord7.jpg,CLINKNOORD AMSTERDAM,Room 227 HOT EMBERS 3
clinknoord8.jpg,CLINKNOORD AMSTERDAM,Room 227 Detail
clinknoord9.jpg,CLINKNOORD AMSTERDAM,Yes No Yes No Red Mural
clinknoord10.jpg,CLINKNOORD AMSTERDAM,Yes No Yes No Red Mural
clinknoord11.jpg,CLINKNOORD AMSTERDAM,Floating Turtle
clinknoord12.jpg,CLINKNOORD AMSTERDAM,Floating Turtle Detail
clinknoord13.jpg,CLINKNOORD AMSTERDAM,JUNGLE MANDALA
clinknoord14.jpg,CLINKNOORD AMSTERDAM,JUNGLE Feature
clinknoord15.jpg,CLINKNOORD AMSTERDAM,Jungle Mandala Artist Action
clinknoord16.jpg,CLINKNOORD AMSTERDAM,Jungle Mandala Detail
clinknoord17.jpg,CLINKNOORD AMSTERDAM,Big Green Mandala
clinknoord18.jpg,CLINKNOORD AMSTERDAM,Red Blue Fighting Fish
clinknoord19.jpg,CLINKNOORD AMSTERDAM,Twisted Ink
clinknoord20.jpg,CLINKNOORD AMSTERDAM,Twisted Ink Detail
clinknoord21.jpg,CLINKNOORD AMSTERDAM,Rainbow Tiki
clinknoord22.jpg,CLINKNOORD AMSTERDAM,Leaning Gumtree
clinknoord23.jpg,CLINKNOORD AMSTERDAM,Purple Lion
clinknoord24.jpg,CLINKNOORD AMSTERDAM,Room 351 SWAN
clinknoord25.jpg,CLINKNOORD AMSTERDAM,Room 351 SWAN detail
clinknoord26.jpg,CLINKNOORD AMSTERDAM,Room G23 Daydreams
clinnknoord27.jpg,CLINKNOORD AMSTERDAM,Room G23 You Found Your Way Into My Dreams
clinknoord28.jpg,CLINKNOORD AMSTERDAM,Room G23 Lotus
clinknoord29.jpg,CLINKNOORD AMSTERDAM,Room 251 Moon Garden
clinknoord30.jpg,CLINKNOORD AMSTERDAM,Room 251 Detail
clinknoord31.jpg,CLINKNOORD AMSTERDAM,Standing Gum Tree
clinknoord32.jpg,CLINKNOORD AMSTERDAM,Neon Mandala
clinknoord33.jpg,CLINKNOORD AMSTERDAM,Neon Mandala
clinknoord34.jpg,CLINKNOORD AMSTERDAM,Amsterdam Streets
clinknoord35.jpg,CLINKNOORD AMSTERDAM,Reef Room
clinknoord36.jpg,CLINKNOORD AMSTERDAM,Reef Room
clinknoord37.jpg,CLINKNOORD AMSTERDAM,Reef Room
clinknoord38.jpg,CLINKNOORD AMSTERDAM,Reef Room
clinknoord39.jpg,CLINKNOORD AMSTERDAM,Reef Room
clinknoord40.jpg,CLINKNOORD AMSTERDAM,Double Gum Tree Room
clinknoord41.jpg,CLINKNOORD AMSTERDAM,Gallery Entrance
clinknoord42.jpg,CLINKNOORD AMSTERDAM,Gallery Entrance 2
clinknoord43.jpg,CLINKNOORD AMSTERDAM,Gallery Detail
clinknoord44.jpg,CLINKNOORD AMSTERDAM,Jungle Shapes
clinknoord45.jpg,CLINKNOORD AMSTERDAM,Electric Blue Tree Room
clinknoord46.jpg,CLINKNOORD AMSTERDAM,Electric Blue Tree Room
clinknoord47.jpg,CLINKNOORD AMSTERDAM,Electric Blue Tree Room
clinknoord48.jpg,CLINKNOORD AMSTERDAM,Electric Blue Tree Room
clinknoord49.jpg,CLINKNOORD AMSTERDAM,Electric Blue Tree Room
clinknoord50.jpg,CLINKNOORD AMSTERDAM,Turtle Lines
clinknoord51.jpg,CLINKNOORD AMSTERDAM,Room 309 Zigzags
clinknoord52.jpg,CLINKNOORD AMSTERDAM,Room 309 Zigzags
clinknoord53.jpg,CLINKNOORD AMSTERDAM,Room 309 Zigzags
cotto1.jpg,COTTO ESPRESSO,Tree
cotto2.jpg,COTTO ESPRESSO,Tree Detail
crooked2.jpg,CROOKED CUTTING STUDIO,Full Faux Graffiti Wall
crooked3.jpg,CROOKED CUTTING STUDIO,Detail Boobs
crooked4.jpg,CROOKED CUTTING STUDIO,Detail
fairespresso2.jpg,FAIR ESPRESSO CENTRAL MARKETS,Mural with Cafe Outdoor
fairespresso3.jpg,FAIR ESPRESSO CENTRAL MARKETS,Inside Mural
fairespresso4.jpg,FAIR ESPRESSO CENTRAL MARKETS,Inside Artist Press Shot
fairespresso5.jpg,FAIR ESPRESSO CENTRAL MARKETS,Inside Detail 1
figandvine2.jpg,FIG AND VINE,Google Maps Mural
totems2.jpg,GLENALTA TRAIN STATION,Glenalta Powerboxes
totems3.jpg,GLENALTA TRAIN STATION,Glenalta Detail
totems4.jpg,GLENALTA TRAIN STATION,Lightning God Totem
totems5.jpg,GLENALTA TRAIN STATION,Lone Totem Night
totems6.jpg,GLENALTA TRAIN STATION,Lone TOtem Train Station Establishing
totems7.jpg,GLENALTA TRAIN STATION,Jasper Cat Totem
godi1.jpg,GODI LA VITA,FULL WALL Vines
godi2.jpg,GODI LA VITA,Detail Wall
godi3.jpg,GODI LA VITA,Close Up Table
godi4.jpg,GODI LA VITA,Detail
godi5.jpg,GODI LA VITA,Text Wall with Chef
godi6.jpg,GODI LA VITA,Text Wall Done
godi7.jpg,GODI LA VITA,Fridge Art
headspace1.jpg,HEADSPACE ADELAIDE,Detail 1
headspace2.jpg,HEADSPACE ADELAIDE,Detail 2
hideandseek2.jpg,HIDE AND SEEK SALON,Door
hideandseek3.jpg,HIDE AND SEEK SALON,Detail 2
hideandseek4.jpg,HIDE AND SEEK SALON,Detail 3
gaga1.jpg,GAGA,Em Chua
richmond1.jpg,HOTEL RICHMOND RUNDLE MALL,Large Shot Barrels
richmond2.jpg,HOTEL RICHMOND RUNDLE MALL,Wall Detail
inthais1.jpg,INTHAIS CAFE,OUTDOOR COURTYARD
jacksons1.jpg,JACKSONS MOTOR INN,Leafy Seadragon
jacksons2.jpg,JACKSONS MOTOR INN,Reef Wall
billy1.jpg,JETTY ROAD BRIGHTON,Billy's Gate
billy2.jpg,JETTY ROAD BRIGHTON,Billys Gate Establishing SHOT
billy3.jpg,JETTY ROAD BRIGHTON,Billys Gate Detail
billy4.jpg,JETTY ROAD BRIGHTON,Billys Gate Artist Shot
kauri1.jpg,KAURI COMMUNITY CENTRE,Mural Shot
kauri2.jpg,KAURI COMMUNITY CENTRE,Establishing Shot
adelita2.jpg,LA ADELITA MEXICAN CANTINA,Semaphore Full Mural Kinda Dark
missviet2.jpg,MISS VIET'S KITCHEN,Function Room Detail
missviet3.jpg,MISS VIET'S KITCHEN,Function Room Detail 2
missviet4.jpg,MISS VIET'S KITCHEN,Miss Viet Main Wall Fusion
missviet5.jpg,MISS VIET'S KITCHEN,Artist
missviet6.jpg,MISS VIET'S KITCHEN,Upstairs Creek Cooking
missviet7.jpg,MISS VIET'S KITCHEN,UPStairs door
oxford1.jpg,OXFORD HOTEL,FEELING GOOD posters
oxford2.jpg,OXFORD HOTEL,Mural 1
oxford3.jpg,OXFORD HOTEL,Goddess
oxford4.jpg,OXFORD HOTEL,France Detail
oxford5.jpg,OXFORD HOTEL,Power of Love
ingrid1.jpg,PRIVATE HOME,Jungle Garage INGRID
laurendajka1.jpg,PRIVATE HOME,Gumtree 
rawenergy1.jpg,RAW ENERGY YOUTH CENTRE,Full Mural but Tilted
rawenergy2.jpg,RAW ENERGY YOUTH CENTRE,Mural Done Furniture BAD
realfalafel1.jpg,REAL FALAFEL PLANT4 BOWDEN,Storefront lights off
realfalafel2.jpg,REAL FALAFEL PLANT4 BOWDEN,Storefront with staff
saigon2.jpg,SAIGON OI VIETNAMESE,Full mural
saigon3.jpg,SAIGON OI VIETNAMESE,Artist Action Shot
saigon4.jpg,SAIGON OI VIETNAMESE,Artist Action Shot 2
saigon5.jpg,SAIGON OI VIETNAMESE,Artist Action Shot
saigon6.jpg,SAIGON OI VIETNAMESE,Artist Action Shot 5
santis1.jpg,SANTIS HENLEY,Santi's Full Mural
santis2.jpg,SANTIS HENLEY,DINING MAN AND WOMAN
santis3.jpg,SANTIS HENLEY,DINING WOMAN DETAIL
santis4.jpg,SANTIS HENLEY,DINING MAN DETAIL
santis5.jpg,SANTIS HENLEY,DINING ACTION SHOT
seacliff2.jpg,SEACLIFF PARK PRIMARY,INTEGRITY
seacliff3.jpg,SEACLIFF PARK PRIMARY,RESILIENCE
seacliff4.jpg,SEACLIFF PARK PRIMARY,RESILIENCE Detail
seacliff5.jpg,SEACLIFF PARK PRIMARY,Integrity Detail
seacliff6.jpg,SEACLIFF PARK PRIMARY,Varnishing
seasonal1.jpg,SEASONAL GARDEN CAFE,Buddha's Garden Bathroom
seasonal2.jpg,SEASONAL GARDEN CAFE,Buddha's Garden Detail 1
seasonal3.jpg,SEASONAL GARDEN CAFE,Buddha's Garden Detail 2
seasonal4.jpg,SEASONAL GARDEN CAFE,Buddha Detail 3
seasonal5.jpg,SEASONAL GARDEN CAFE,Buddha Detail 4
seasonal6.jpg,SEASONAL NORWOOD,Blue Hallway
seasonal7.jpg,SEASONAL NORWOOD,Blue Hallway Rockign Horse
seasonal8.jpg,SEASONAL NORWOOD,ROCKING HORSE CLOSEUP
stfrancis2.jpg,ST FRANCIS DE SALES COLLEGE,Design Room
stfrancis3.jpg,ST FRANCIS DE SALES COLLEGE,Design Room detail
stfrancis4.jpg,ST FRANCIS DE SALES COLLEGE,Design Room detail
stfrancis5.jpg,ST FRANCIS DE SALES COLLEGE,Design Detail 3
stfrancis6.jpg,ST FRANCIS DE SALES COLLEGE,Art Room
stfrancis7.jpg,ST FRANCIS DE SALES COLLEGE,Art Room Detail
stateswim1.jpg,STATESWIM MORPHETT ROAD,Entrance
stateswim2.jpg,STATESWIM MORPHETT ROAD,Best Stateswim detail
stateswim3.jpg,STATESWIM MORPHETT ROAD,Decent Establishing Shot
suna1.jpg,SUNA NETBALL CENTRE,Playground
ttp2.jpg,TEA TREE PLAZA INTERCHANGE,Main Walkway Detail
ttp3.jpg,TEA TREE PLAZA INTERCHANGE,Detail 3
waves2.jpg,WAVES SWIM SCHOOL,Half Mural
waves3.jpg,WAVES SWIM SCHOOL,Detail
waves4.jpg,WAVES SWIM SCHOOL,Full Mural
marion1.jpg,WESTFIELD MARION,For the Love of Food
marion2.jpg,WESTFIELD MARION,Action shot
marion3.jpg,WESTFIELD MARION,Signage Live art
